no	eng	rus	category1	category2
233	In short / in brief	Вкратце	Вводные фразы	устойчивые сочетания
234	In a word	В двух словах	Вводные фразы	устойчивые сочетания
235	As far / as to	Что касается	Вводные фразы	устойчивые сочетания
236	Not to mention	Не говоря уже о	Вводные фразы	устойчивые сочетания
237	First of all/ above all	Прежде всего	Вводные фразы	устойчивые сочетания
238	What’s more	Кроме того	Вводные фразы	устойчивые сочетания
239	By the way	Кстати	Вводные фразы	устойчивые сочетания
240	After all	В итоге; все-таки	Вводные фразы	устойчивые сочетания
241	Just for the record	Для справки; чтобы вы знали	Вводные фразы	устойчивые сочетания
242	And so on and so forth	И так далее	Вводные фразы	устойчивые сочетания
243	If I’m not mistaken	Если я не ошибаюсь	Вводные фразы	устойчивые сочетания
244	In other words	Другими словами	Вводные фразы	устойчивые сочетания
245	On the contrary	Наоборот	Вводные фразы	устойчивые сочетания
246	The thing is	Дело в том, что	Вводные фразы	устойчивые сочетания
247	So as to / so that	Так чтобы	Вводные фразы	устойчивые сочетания
248	Either way	Так или иначе	Вводные фразы	устойчивые сочетания
249	As a rule	Обычно, как правило	Вводные фразы	устойчивые сочетания
250	As well as	Так же, как и	Вводные фразы	устойчивые сочетания
251	All the same	Без разницы	Вводные фразы	устойчивые сочетания
252	On one hand	С одной стороны	Вводные фразы	устойчивые сочетания
253	On the other hand	С другой стороны	Вводные фразы	устойчивые сочетания
254	Such as	Например	Вводные фразы	устойчивые сочетания
255	As I said before	Как я уже говорил	Вводные фразы	устойчивые сочетания
256	Believe it or not, but	Верите или нет, но	Вводные фразы	устойчивые сочетания
257	If I remember rightly / If I recall correctly	Если я правильно помню	Вводные фразы	устойчивые сочетания
930	Taste	Вкус	Вкусы еды	еда
931	Tasty	Вкусный	Вкусы еды	еда
932	Bitter	Горький	Вкусы еды	еда
933	Creamy	Сливочный	Вкусы еды	еда
934	Sweet	Сладкий	Вкусы еды	еда
935	Sour	Кислый	Вкусы еды	еда
936	Spicy	Острый	Вкусы еды	еда
937	Salty	Соленый	Вкусы еды	еда
938	Raw	Сырой	Вкусы еды	еда
939	Fresh	Свежий	Вкусы еды	еда
89	What	Что	вопросы
90	Which	Который	вопросы
91	How	Как	вопросы
92	When	Когда	вопросы
93	Who	Кто	вопросы
742	Monday	Понедельник	Время и числа	дни недели
743	Tuesday	Вторник	Время и числа	дни недели
744	Wednesday	Среда	Время и числа	дни недели
745	Thursday	Четверг	Время и числа	дни недели
746	Friday	Пятница	Время и числа	дни недели
747	Saturday	Суббота	Время и числа	дни недели
748	Sunday	Воскресенье	Время и числа	дни недели
749	January	Январь	Время и числа	месяцы
750	February	Февраль	Время и числа	месяцы
751	March	Март	Время и числа	месяцы
752	April	Апрель	Время и числа	месяцы
753	May	Май	Время и числа	месяцы
754	June	Июнь	Время и числа	месяцы
755	July	Июль	Время и числа	месяцы
756	August	Август	Время и числа	месяцы
757	September	Сентябрь	Время и числа	месяцы
758	October	Октябрь	Время и числа	месяцы
759	November	Ноябрь	Время и числа	месяцы
760	December	Декабрь	Время и числа	месяцы
761	Present	Настоящее	Время и числа
762	Past	Прошлое	Время и числа
763	Future	Будущее	Время и числа
764	Day	День	Время и числа
765	Week	Неделя	Время и числа
766	Month	Месяц	Время и числа
767	Year	Год	Время и числа
768	Century	Век	Время и числа
769	Season	Сезон	Время и числа	времена года
770	Autumn	Осень	Время и числа	времена года
771	Winter	Зима	Время и числа	времена года
772	Spring	Весна	Время и числа	времена года
773	Summer	Лето	Время и числа	времена года
774	Morning	Утро	Время и числа	Время
775	Noon	Полдень	Время и числа	Время
776	Afternoon	Время после полудня	Время и числа	Время
777	Midday	Середина дня /полдень	Время и числа	Время
778	Evening	Вечер	Время и числа	Время
779	Night	Ночь	Время и числа	Время
780	Midnight	Полночь	Время и числа	Время
781	Moment	Мгновение	Время и числа	Время
782	Second	Секунда	Время и числа	Время
783	Minute	Минута	Время и числа	Время
784	Hour	Час	Время и числа	Время
785	Zero	Ноль	Время и числа	Числительные
786	One (first)	Один (первый)	Время и числа	Числительные
787	Two (second)	Два (второй)	Время и числа	Числительные
788	Three (third)	Три (третий)	Время и числа	Числительные
789	Four (fourth)	Четыре (четвертый)	Время и числа	Числительные
790	Five (fifth)	Пять (пятый)	Время и числа	Числительные
791	Six (sixth)	Шесть (шестой)	Время и числа	Числительные
792	Seven (seventh)	Семь (седьмой)	Время и числа	Числительные
793	Eight (eighth)	Восемь (восьмой)	Время и числа	Числительные
794	Nine (ninth)	Девять (девятый)	Время и числа	Числительные
795	Ten (tenth)	Десять (десятый)	Время и числа	Числительные
796	Eleven	Одиннадцать	Время и числа	Числительные
797	Twelve	Двенадцать	Время и числа	Числительные
798	Thirteen	Тринадцать	Время и числа	Числительные
799	Fourteen	Четырнадцать	Время и числа	Числительные
800	Fifteen	Пятнадцать	Время и числа	Числительные
801	Sixteen	Шестнадцать	Время и числа	Числительные
802	Seventeen	Семнадцать	Время и числа	Числительные
803	Eighteen	Восемнадцать	Время и числа	Числительные
804	Nineteen	Девятнадцать	Время и числа	Числительные
805	Twenty	Двадцать	Время и числа	Числительные
806	Thirty	Тридцать	Время и числа	Числительные
807	Forty	Сорок	Время и числа	Числительные
808	Fifty	Пятьдесят	Время и числа	Числительные
809	Sixty	Шестьдесят	Время и числа	Числительные
810	Seventy	Семьдесят	Время и числа	Числительные
811	Eighty	Восемьдесят	Время и числа	Числительные
812	Ninety	Девяносто	Время и числа	Числительные
813	(A / one) hundred	Сто	Время и числа	Числительные
814	(A / one) thousand	Тысяча	Время и числа	Числительные
815	Million	Миллион	Время и числа	Числительные
816	Billion	Миллиард	Время и числа	Числительные
817	Number	Число	Время и числа	Числительные
818	Number/ figure	Цифра	Время и числа
819	Quantity	Количество	Время и числа
820	Couple	Пара	Время и числа
166	Say	Говорить	Глаголы	
167	Make	Делать	Глаголы	
168	Look	Смотреть	Глаголы	
169	Can	Мочь	Глаголы	
170	Love	Любить	Глаголы	
171	Take	Брать	Глаголы	
172	Get	Получать	Глаголы	
173	Go	Идти	Глаголы	
174	Use	Использовать	Глаголы	
175	See	Видеть	Глаголы	
176	Know	Знать	Глаголы	
177	Like	Нравиться	Глаголы	
178	Want	Хотеть	Глаголы	
179	Think	Думать	Глаголы	
180	Come	Приходить	Глаголы	
181	Give	Давать	Глаголы	
941	World	Мир	Животные и природа	Природа
942	Peace	Мир, покой	Животные и природа	Природа
943	Weather	Погода	Животные и природа	Природа
944	Nature	Природа	Животные и природа	Природа
945	Water	Вода	Животные и природа	Природа
946	Air	Воздух	Животные и природа	Природа
947	Earth / land	Земля	Животные и природа	Природа
948	Fire	Огонь	Животные и природа	Природа
949	Ice	Лед	Животные и природа	Природа
950	Sea	Море	Животные и природа	Природа
951	Ocean	Океан	Животные и природа	Природа
952	River	Река	Животные и природа	Природа
953	Sky	Небо	Животные и природа	Природа
954	Sun	Солнце	Животные и природа	Природа
955	Moon	Луна	Животные и природа	Природа
956	Star	Звезда	Животные и природа	Природа
957	Forest	Лес	Животные и природа	Природа
958	Mountain	Гора	Животные и природа	Природа
959	Field	Поле	Животные и природа	Природа
960	Rain	Дождь	Животные и природа	Природа
961	Snow	Снег	Животные и природа	Природа
962	Rainbow	Радуга	Животные и природа	Природа
963	Tree	Дерево	Животные и природа	Природа
964	Plant	Растение	Животные и природа	Природа
965	Area	Область, среда	Животные и природа	Природа
966	Animal	Животное	Животные и природа	Животные
967	Dog	Собака	Животные и природа	Животные
968	Cat	Кот, кошка	Животные и природа	Животные
969	Bird	Птица	Животные и природа	Животные
970	Cow	Корова	Животные и природа	Животные
971	Pig	Свинья	Животные и природа	Животные
972	Fox	Лиса	Животные и природа	Животные
973	Bear	Медведь	Животные и природа	Животные
974	Hare	Заяц	Животные и природа	Животные
516	Cold	Простуда	Здоровье и болезни	
517	Flu	Грипп	Здоровье и болезни	
518	Diabetes	Диабет	Здоровье и болезни	
519	Allergy	Аллергия	Здоровье и болезни	
520	Asthma	Астма	Здоровье и болезни	
521	Tuberculosis	Туберкулез	Здоровье и болезни	
522	Strep throat	Фарингит, больное горло	Здоровье и болезни	
523	Heart disease	Болезнь сердца	Здоровье и болезни	
524	Intestinal parasites	Кишечные паразиты	Здоровье и болезни	
525	Headache	Головная боль	Здоровье и болезни	
526	Stomachache	Боль в желудке	Здоровье и болезни	
527	Backache	Боль в спине	Здоровье и болезни	
528	Toothache	Зубная боль	Здоровье и болезни	
529	Earache	Ушная боль	Здоровье и болезни	
530	Chills	Озноб	Здоровье и болезни	
531	Rash	Сыпь	Здоровье и болезни	
532	Cough	Кашель	Здоровье и болезни	
533	Sneeze	Насморк	Здоровье и болезни	
534	Dizzy	Головокружение	Здоровье и болезни	
535	Cut	Порез	Здоровье и болезни	
536	Bruise	Ушиб	Здоровье и болезни	
537	Sunburn	Солнечный ожог	Здоровье и болезни	
538	Blister	Волдырь	Здоровье и болезни	
539	Bloody nose	Кровь из носа	Здоровье и болезни	
540	Chicken pox	Ветряная оспа	Здоровье и болезни	
999	Home / house	Дом	дом
1000	Building	Здание	дом
1001	Room	Комната	дом
1002	Kitchen	Кухня	дом
1003	Bedroom	Спальня	дом
1004	Bathroom	Ванная	дом
1005	Thing	Вещь	дом
1006	Furniture	Мебель	дом
1007	Armchair	Кресло	дом
1008	Bed	Кровать	дом
1009	Chair	Стул	дом
1010	Key	Ключ	дом
1011	Table	Стол	дом
1012	Soap	Мыло	дом
1013	Computer	Компьютер	дом
1014	Telephone / phone	Телефон	дом
1015	Radio	Радио	дом
1016	Tv	Телевизор	дом
1017	Shelf	Полка	дом
1018	Sofa	Диван	дом
1019	Curtains	Занавески, шторы	дом
1020	Ball	Мяч	дом
1021	Box	Коробка, ящик	дом
1022	Party	Вечеринка	дом
1023	Door	Дверь	дом
1024	Ceiling	Потолок	дом
1025	Floor	Пол, этаж	дом
1026	Wall	Стена	дом
1027	Window	Окно	дом
1028	Camera	Камера	дом
1029	Guest	Гость	дом
1030	Order	Порядок	дом
1031	Mess	Беспорядок	дом
1	I	Я	Местоимения	
2	He	Он	Местоимения	
3	She	Она	Местоимения	
4	You	Ты	Местоимения	
5	We	Мы	Местоимения	
6	They	Они	Местоимения	
7	It	Оно	Местоимения	
9	Me	Меня, мной, мне	Местоимения	
10	Us	Нас, нами, о нас	Местоимения	
11	Her	Ее, ей, о ней	Местоимения	
12	His	Его, ему, о нем	Местоимения	
13	You	Тобой, тебя, тебе	Местоимения	
14	Them	Ими, их, о них	Местоимения	
15	It	Его, ему, о нем, им	Местоимения	
18	this	этот (Предмет один вблизи)	Местоимения	
19	that	тот (Предмет один вдалеке)	Местоимения	
20	These	эти (Предметов много вблизи)	Местоимения	
21	those	те (Предметов много вдалеке)	Местоимения	
48	Not		Наречия	
49	Out		Наречия	
50	Now		Наречия	
51	Much		Наречия	
52	Well		Наречия	
53	Away		Наречия	
54	Always		Наречия	
55	Far		Наречия	
56	When		Наречия	
57	Then		Наречия	
58	Only		Наречия	
59	Before		Наречия	
60	Here		Наречия	
61	Near		Наречия	
62	Together		Наречия	
63	Really		Наречия	
64	There		Наречия	
65	So		Наречия	
66	Very		Наречия	
67	Too		Наречия	
68	Why		Наречия	
69	Below		Наречия	
70	Often		Наречия	
71	Almost		Наречия	
72	How		Наречия	
73	No		Наречия	
74	Just		Наречия	
75	Also		Наречия	
76	Again		Наречия	
77	Last		Наречия	
78	Once		Наречия	
79	Sometimes		Наречия	
80	Up		Наречия	
81	First		Наречия	
82	Where		Наречия	
83	Around		Наречия	
84	Off		Наречия	
85	Never		Наречия	
86	Later		Наречия	
87	Soon		Наречия	
487	Jumper	Джемпер	Одежда	
488	Socks	Носки	Одежда	
489	Pajamas	Пижама	Одежда	
490	Gown	Платье	Одежда	
491	Overcoat	Пальто	Одежда	
492	Jeans	Джинсы	Одежда	
493	Strap	Пояс	Одежда	
494	Pants	Брюки	Одежда	
495	Raincoat	Дождевик	Одежда	
496	Scarf	Шарф	Одежда	
497	Glove	Перчатка	Одежда	
498	Sundress	Сарафан	Одежда	
499	Wind-breaker	Ветровка	Одежда	
500	Shoes	Обувь	Одежда	
501	Slippers	Домашние тапочки	Одежда	
502	Bathing-suit	Купальник	Одежда	
503	Shorts	Шорты	Одежда	
504	Shirt	Рубашка	Одежда	
505	T-shirt	Футболка	Одежда	
506	Sneakers	Кроссовки	Одежда	
507	Undershirt	Майка	Одежда	
508	Sweat-shirt	Толстовка	Одежда	
509	Tie	Галстук	Одежда	
510	Hat	Головной убор	Одежда	
511	Skirt	Юбка	Одежда	
512	Suit	Костюм	Одежда	
513	Underclothes	Нижнее белье	Одежда	
514	Fur coat	Шуба	Одежда	
515	Pantyhose	Колготки	Одежда	
23	To	К(указывает направление)	Предлоги	
24	For	Для	Предлоги	
25	Of	(указывает на родительный падеж)	Предлоги	
26	And	И	Предлоги	
27	In	В	Предлоги	
28	That	Что	Предлоги	
29	Not	Не	Предлоги	
30	On	На	Предлоги	
31	Up	Вверх	Предлоги	
32	About	О	Предлоги	
33	Than	Чем	Предлоги	
34	Back	Обратно	Предлоги	
35	With	С	Предлоги	
36	From	От	Предлоги	
37	As	Как	Предлоги	
38	At	Около, на	Предлоги	
39	But	Но	Предлоги	
40	By	К (указывает на срок)	Предлоги	
41	Or	Или	Предлоги	
42	Because	Потому что	Предлоги	
43	Out	Из, вы-	Предлоги	
44	No	Нет	Предлоги	
45	Into	Внутрь	Предлоги	
46	After	После	Предлоги	
183	Good	хороший.	Прилагательные	
184	New	новый.	Прилагательные	
185	Other	другой.	Прилагательные	
186	Huge		Прилагательные	
187	Each		Прилагательные	
188	More		Прилагательные	
189	Good		Прилагательные	
190	Any		Прилагательные	
191	Large		Прилагательные	
192	Kind		Прилагательные	
193	Light		Прилагательные	
194	Both		Прилагательные	
195	Enough		Прилагательные	
196	Some		Прилагательные	
197	Little		Прилагательные	
198	Mean		Прилагательные	
199	Small		Прилагательные	
200	Such		Прилагательные	
201	Every		Прилагательные	
202	Next		Прилагательные	
203	Young		Прилагательные	
204	Above		Прилагательные	
205	Two		Прилагательные	
206	Most		Прилагательные	
207	Old		Прилагательные	
208	Another		Прилагательные	
209	Different		Прилагательные	
210	Own		Прилагательные	
211	Hard		Прилагательные	
212	Second		Прилагательные	
213	One		Прилагательные	
214	Many		Прилагательные	
215	New		Прилагательные	
216	Right		Прилагательные	
217	Three		Прилагательные	
218	Even		Прилагательные	
219	High		Прилагательные	
220	Few		Прилагательные	
221	White		Прилагательные	
222	Actual		Прилагательные	
223	Other		Прилагательные	
224	Long		Прилагательные	
225	Great		Прилагательные	
226	Same		Прилагательные	
227	Big		Прилагательные	
228	Still		Прилагательные	
229	Left		Прилагательные	
230	Important		Прилагательные	
841	Breakfast	Завтрак	еда и напитки	
842	Dinner	Обед	еда и напитки	
843	Lunch	Ланч	еда и напитки	
844	Supper	Ужин	еда и напитки	
845	Apple	Яблоко	еда и напитки	
846	Apricot	Абрикос	еда и напитки	
847	Banana	Банан	еда и напитки	
848	Beef	Говядина	еда и напитки	
849	Beefsteak	Бифштекс	еда и напитки	
850	Berry	Ягода	еда и напитки	
851	Beet	Свекла	еда и напитки	
852	Bread	Хлеб	еда и напитки	
853	Butter	Сливочное масло	еда и напитки	
854	Cabbage	Капуста	еда и напитки	
855	Cake	Торт, кекс, пирожное	еда и напитки	
856	Carrot	Морковь	еда и напитки	
857	Caviar	Икра	еда и напитки	
858	Cheese	Сыр	еда и напитки	
859	Chicken	Цыпленок, курятина	еда и напитки	
860	Chocolate	Шоколад	еда и напитки	
861	Corn	Кукуруза	еда и напитки	
862	Cucumber	Огурец	еда и напитки	
863	Egg	Яйцо	еда и напитки	
864	Fish	Рыба	еда и напитки	
865	Flour	Мука	еда и напитки	
866	Fruit	Фрукты	еда и напитки	
867	Garlic	Чеснок	еда и напитки	
868	Goose	Гусь	еда и напитки	
869	Ice-cream	Мороженое	еда и напитки	
870	Jam	Джем, варенье	еда и напитки	
871	Lemon	Лимон	еда и напитки	
872	Liver	Печень	еда и напитки	
873	Meat	Мясо	еда и напитки	
874	Milk	Молоко	еда и напитки	
875	Melon	Дыня	еда и напитки	
876	Mushroom	Гриб	еда и напитки	
877	Nut	Орех	еда и напитки	
878	Oil	Растительное масло	еда и напитки	
879	Omelette	Омлет	еда и напитки	
880	Onion	Лук	еда и напитки	
881	Orange	Апельсин	еда и напитки	
882	Pancakes	Блины, оладьи	еда и напитки	
883	Peach	Персик	еда и напитки	
884	Pear	Груша	еда и напитки	
885	Pepper	Перец	еда и напитки	
886	Pie	Пирог	еда и напитки	
887	Pine-apple	Ананас	еда и напитки	
888	Potatoes	Картофель	еда и напитки	
889	Sugar	Сахар	еда и напитки	
890	Rice	Рис	еда и напитки	
891	Salad	Салат	еда и напитки	
892	Salt	Соль	еда и напитки	
893	Sandwich	Бутерброд, сандвич	еда и напитки	
894	Sausage	Сосиска	еда и напитки	
895	Shrimp	Креветка	еда и напитки	
896	Cherry	Вишня	еда и напитки	
897	Soup	Суп	еда и напитки	
898	Tomato	Помидор	еда и напитки	
899	Vanilla	Ваниль	еда и напитки	
900	Yogurt	Йогурт	еда и напитки	
901	Water melon	Арбуз	еда и напитки	
902	Dish	Блюдо	еда и напитки	
903	Drink	Напиток	еда и напитки	
904	Juice	Сок	еда и напитки	
905	Coffee	Кофе	еда и напитки	
906	Tea	Чай	еда и напитки	
907	Dessert	Десерт	еда и напитки	
908	Snack	Закуска	еда и напитки	
822	Backpack	Рюкзак	путешествия и отдых	
823	Bag	Сумка	путешествия и отдых	
824	Card	Открытка, карточка (банковская)	путешествия и отдых	
825	A delay / to delay	Задержка / задерживать	путешествия и отдых	
826	Destination	Пункт назначения	путешествия и отдых	
827	Luggage (ame: a baggage)	Багаж	путешествия и отдых	
828	Map	Карта	путешествия и отдых	
829	Suitcase	Чемодан	путешествия и отдых	
830	Ticket	Билет	путешествия и отдых	
831	Bicycle	Велосипед	путешествия и отдых	
832	Bus	Автобус	путешествия и отдых	
833	Car	Автомобиль	путешествия и отдых	
834	Plane	Самолет	путешествия и отдых	
835	Ship	Корабль	путешествия и отдых	
836	Taxi (ame: a cab)	Такси	путешествия и отдых	
837	Train	Поезд	путешествия и отдых	
838	Tram (ame: a trolley)	Трамвай	путешествия и отдых	
839	Insurance	Страховка	путешествия и отдых	
542	Work	Работа (в понимании что конкретно вы делаете, рабочее место)	работа и профессии	
543	Job	Работа (в понимании должность в компании, род занятий)	работа и профессии	
544	Profession	Профессия	работа и профессии	
545	Career	Карьера	работа и профессии	
546	Teacher	Учитель, преподаватель	работа и профессии	
547	Musician	Музыкант	работа и профессии	
548	Seller	Продавец	работа и профессии	
549	Businessman	Бизнесмен	работа и профессии	
550	Artist	Художник	работа и профессии	
551	Doctor	Доктор, врач	работа и профессии	
552	Journalist	Журналист	работа и профессии	
553	Worker	Рабочий	работа и профессии	
554	Farmer	Фермер	работа и профессии	
555	Actor	Актер	работа и профессии	
556	Actress	Актриса	работа и профессии	
557	Author	Автор	работа и профессии	
558	Writer	Писатель	работа и профессии	
559	Manager	Менеджер	работа и профессии	
560	Military man	Военный	работа и профессии	
561	Cook	Повар	работа и профессии	
562	Driver	Водитель	работа и профессии	
563	Assistant	Помощник	работа и профессии	
564	Singer	Певец	работа и профессии	
565	Lawyer	Юрист	работа и профессии	
566	Waiter	Официант	работа и профессии	
567	Training	Обучение	работа и профессии	
568	Question	Вопрос	работа и профессии	
569	Answer	Ответ	работа и профессии	
570	Skill	Навык	работа и профессии	
571	Advice	Совет	работа и профессии	
572	Experience	Опыт	работа и профессии	
573	Firm	Фирма	работа и профессии	
574	Company	Компания	работа и профессии	
575	Business	Бизнес, деловой	работа и профессии	
576	Document	Документ	работа и профессии	
577	Data	Данные	работа и профессии	
578	Information	Информация	работа и профессии	
579	Case	Дело	работа и профессии	
580	Process	Процесс	работа и профессии	
581	Offer	Предложение	работа и профессии	
582	Decision	Решение	работа и профессии	
583	Reason	Причина	работа и профессии	
584	Opportunity	Возможность	работа и профессии	
585	Shop	Магазин	работа и профессии	
586	Market	Рынок	работа и профессии	
587	Office	Офис	работа и профессии	
588	Boss	Босс	работа и профессии	
589	Colleague	Коллега	работа и профессии	
590	Meeting	Встреча	работа и профессии	
591	Police	Полиция	работа и профессии	
592	Hospital	Больница	работа и профессии	
593	Bank	Банк	работа и профессии	
594	Cabinet	Кабинет	работа и профессии	
595	Success	Успех	работа и профессии	
596	Money	Деньги	работа и профессии	
597	Situation	Ситуация	работа и профессии	
598	Accident	Случай / происшествие	работа и профессии	
599	Problem	Проблема	работа и профессии	
600	Aim / goal	Цель	работа и профессии	
601	Result	Результат	работа и профессии	
602	Vacation	Отпуск	работа и профессии	
603	Art	Искусство	работа и профессии	
604	Song	Песня	работа и профессии	
605	Picture	Изображение	работа и профессии	
606	Idea	Идея	работа и профессии	
607	Thought	Мысль	работа и профессии	
608	Society	Общество	работа и профессии	
609	Politics	Политика	работа и профессии	
610	Website	Сайт	работа и профессии	
611	Email	Электронная почта	работа и профессии	
612	Link	Ссылка	работа и профессии	
613	Network	Сеть	работа и профессии	
614	Hobby	Увлечение	работа и профессии	
615	Game	Игра	работа и профессии	
616	Sport	спорт и хобби	работа и профессии	
617	Power	Сила	работа и профессии	
340	Person	Человек (люди)	Семья и окружение	
341	Man (pl. Men)	Мужчина (мужчины)	Семья и окружение	
342	Woman (pl. Women)	Женщина (женщины)	Семья и окружение	
343	Child (pl. Children)	Ребенок (дети)	Семья и окружение	
344	Boy	Мальчик	Семья и окружение	
345	Girl	Девочка	Семья и окружение	
346	Guy	Парень	Семья и окружение	
347	Parents	Родители	Семья и окружение	
348	Father	Отец	Семья и окружение	
349	Mother	Мать	Семья и окружение	
350	Son	Сын	Семья и окружение	
351	Daughter	Дочь	Семья и окружение	
352	Brother	Брат	Семья и окружение	
353	Sister	Сестра	Семья и окружение	
354	Grandfather	Дедушка	Семья и окружение	
355	Grandmother	Бабушка	Семья и окружение	
356	Family	Семья и окружение	Семья и окружение	
357	Relationship	Отношения	Семья и окружение	
358	Husband	Муж	Семья и окружение	
359	Wife	Жена	Семья и окружение	
360	Uncle	Дядя	Семья и окружение	
361	Aunt	Тетя	Семья и окружение	
362	Nephew	Племянник	Семья и окружение	
363	Niece	Племянница	Семья и окружение	
364	Cousin	Двоюродный брат / сестра	Семья и окружение	
365	Friend	Друг	Семья и окружение	
366	Neighbour	Сосед	Семья и окружение	
367	Name	Имя, название	Семья и окружение	
368	Surname	Фамилия	Семья и окружение	
369	Address	Адрес	Семья и окружение	
370	Age	Возраст	Семья и окружение	
371	Old	Старый	Семья и окружение	
372	Young	Молодой	Семья и окружение	
373	Adult	Взрослый	Семья и окружение	
374	Married (unmarried)	Женатый (неженатый)	Семья и окружение	
375	Single	Холостой, одинокий	Семья и окружение	
376	Divorced	Разведенный	Семья и окружение	
377	Life	Жизнь	Семья и окружение	
378	Death	Смерть	Семья и окружение	
976	Birthday	День рождения	События и места	
977	Easter	Пасха	События и места	
978	Christmas	Рождество	События и места	
979	Holiday	праздник	События и места	
980	Party	Вечеринка	События и места	
981	Wedding	Свадьба	События и места	
982	Invitation	приглашение	События и места	
983	Travel	Путешествие	События и места	
984	present	подарок	События и места	
985	country	Страна	События и места	
986	Bank	Банк	События и места	
987	Building	Здание	События и места	
988	Church	Церковь	События и места	
989	Cinema	Кинотеатр	События и места	
990	Company	Компания	События и места	
991	Bridge	Мост	События и места	
992	Entrance	Вход	События и места	
993	Exit	Выход	События и места	
994	Office	Офис	События и места	
995	Market	Рынок	События и места	
996	Pharmacy	Аптека	События и места	
997	School	Школа	События и места	
998	Theatre	Театр	События и места	
380	Aerobics	Аэробика	спорт и хобби	
381	An athlete	Спортсмен	спорт и хобби	
382	Archery	Стрельба из лука	спорт и хобби	
383	Arrow	Стрела	спорт и хобби	
384	Badminton	Бадминтон	спорт и хобби	
385	Barrel	Штанга	спорт и хобби	
386	Baseball	Бейсбол	спорт и хобби	
387	Basketball	Баскетбол	спорт и хобби	
388	Beach volleyball	Пляжный волейбол	спорт и хобби	
389	Biathlon	Биатлон	спорт и хобби	
390	Billiards	Бильярд	спорт и хобби	
391	Bow	Лук	спорт и хобби	
392	Bowling/ skittles	Боулинг/кегли	спорт и хобби	
393	Boxing	Бокс	спорт и хобби	
394	Canoeing	Гребля на каноэ	спорт и хобби	
395	Car racing	Гонки	спорт и хобби	
396	Chess	Шахматы	спорт и хобби	
397	Climbing	Скалолазанье	спорт и хобби	
398	Club	Клюшка	спорт и хобби	
399	Coach	Тренер	спорт и хобби	
400	Court	Корт	спорт и хобби	
401	Crew	Команда	спорт и хобби	
402	Cricket	Крикет	спорт и хобби	
403	Cross-country skiing / langlauf	Бег на лыжах	спорт и хобби	
404	Cue	Кий	спорт и хобби	
405	Curling	Кёрлинг	спорт и хобби	
406	Cycling	Велоспорт	спорт и хобби	
407	Darts	Метание дротиков, дартс	спорт и хобби	
408	Diving	Прыжки в воду	спорт и хобби	
409	Downhill skiing	Горнолыжный спорт	спорт и хобби	
410	Draughts	Шашки	спорт и хобби	
411	Fencing	Фехтование	спорт и хобби	
412	Figure skating	Фигурное катание	спорт и хобби	
413	Fishing	Спортивная рыбалка	спорт и хобби	
414	Fist ball	Ручной мяч	спорт и хобби	
415	Fitness centre	Центр укрепления здоровья	спорт и хобби	
416	Football/soccer	Футбол	спорт и хобби	
417	Gliding	Планеризм	спорт и хобби	
418	Goal	Ворота	спорт и хобби	
419	Golf	Гольф	спорт и хобби	
420	Googles	Очки для подводного плаванья	спорт и хобби	
421	Gym	Гимнастический зал	спорт и хобби	
422	Gymnastics	Гимнастика	спорт и хобби	
423	Handball	Гандбол	спорт и хобби	
424	Hang gliding	Дельтапланеризм	спорт и хобби	
425	High jump	Прыжки в высоту	спорт и хобби	
426	Hockey	Хоккей	спорт и хобби	
427	Hurdle race	Бег с барьерами	спорт и хобби	
428	Ice rink	Каток	спорт и хобби	
429	In-line skating	Конькобежный спорт	спорт и хобби	
430	Instructor	Инструктор	спорт и хобби	
431	Javelin	Копье	спорт и хобби	
432	Jogging	Бег трусцой	спорт и хобби	
433	Judo	Дзюдо	спорт и хобби	
434	Karate	Карате	спорт и хобби	
435	Long jump	Прыжки в длину	спорт и хобби	
436	Martial arts	Боевые искусства	спорт и хобби	
437	Motorbike sports	Мотоциклетный спорт	спорт и хобби	
438	Mountaineering	Альпинизм	спорт и хобби	
439	National team	Сборная страны	спорт и хобби	
440	Net	Сетка	спорт и хобби	
441	Orienteering	Спортивное ориентирование	спорт и хобби	
442	Parachuting	Парашютный спорт	спорт и хобби	
443	Pole-vaulting	Прыжки с шестом	спорт и хобби	
444	Polo	Поло	спорт и хобби	
445	Puck	Шайба	спорт и хобби	
446	Racetrack	Беговая дорожка	спорт и хобби	
447	Racket	Ракетка	спорт и хобби	
448	Referee	Судья	спорт и хобби	
449	Riding	Верховая езда	спорт и хобби	
450	Ring	Ринг	спорт и хобби	
451	Rowing	Гребля	спорт и хобби	
452	Rugby	Рэгби	спорт и хобби	
453	Running race	Состязание в беге	спорт и хобби	
454	Sailing	Парусный спорт	спорт и хобби	
455	Shooting	Стрельба	спорт и хобби	
456	Shuttlecock	Волан	спорт и хобби	
457	Ski poles	Лыжные палки	спорт и хобби	
458	Skis	Лыжи	спорт и хобби	
459	Snooker	Снукер (игра на бильярде)	спорт и хобби	
460	Sports ground	Спортивная площадка	спорт и хобби	
461	Stadium	Стадион	спорт и хобби	
462	Stick	Хоккейная клюшка	спорт и хобби	
463	Swords	Мечи, шпаги	спорт и хобби	
464	Team	Команда	спорт и хобби	
465	To break a record	Побить рекорд	спорт и хобби	
466	To compete in a championship	Участвовать в чемпионате	спорт и хобби	
467	To draw a game	Свести игру вничью	спорт и хобби	
468	To lose the competition	Проиграть соревнование	спорт и хобби	
469	To score points, goals	Набирать очки, забивать голы	спорт и хобби	
470	To set records	Устанавливать рекорды	спорт и хобби	
471	To train	Тренироваться	спорт и хобби	
472	To win the competition	Победить в соревнованиях	спорт и хобби	
473	To win the cup	Выиграть кубок	спорт и хобби	
474	Tobogganing	Санный спорт	спорт и хобби	
475	Tournament	Турнир	спорт и хобби	
476	Track-and-field	Легкая атлетика	спорт и хобби	
477	Triathlon	Триатлон	спорт и хобби	
478	Triple jump	Тройной прыжок	спорт и хобби	
479	Tug of war	Перетягивание каната	спорт и хобби	
480	Volleyball	Волейбол	спорт и хобби	
481	Water polo	Водное поло	спорт и хобби	
482	Waterski	Водные лыжи	спорт и хобби	
483	Weight lifting	Тяжелая атлетика	спорт и хобби	
484	Working out	Занятия на снарядах	спорт и хобби	
485	Wrestling	Борьба	спорт и хобби	
259	Perhaps	Возможно, может быть	выражение согласия или несогласия	устойчивые сочетания
260	Of course / Sure	Конечно	выражение согласия или несогласия	устойчивые сочетания
261	Definitely	Определенно, непременно	выражение согласия или несогласия	устойчивые сочетания
262	Absolutely	Безусловно	выражение согласия или несогласия	устойчивые сочетания
263	Naturally	Естественно	выражение согласия или несогласия	устойчивые сочетания
264	Probably	Вероятно	выражение согласия или несогласия	устойчивые сочетания
265	You are right	Вы правы	выражение согласия или несогласия	устойчивые сочетания
266	It can hardly be so	Вряд ли это так	выражение согласия или несогласия	устойчивые сочетания
267	Very well	Очень хорошо	выражение согласия или несогласия	устойчивые сочетания
268	Most likely	Скорее всего	выражение согласия или несогласия	устойчивые сочетания
269	Most unlikely	Вряд ли	выражение согласия или несогласия	устойчивые сочетания
270	Not a bit	Ничуть	выражение согласия или несогласия	устойчивые сочетания
271	I believe so / suppose so	Полагаю, что это так	выражение согласия или несогласия	устойчивые сочетания
272	I doubt it	Сомневаюсь	выражение согласия или несогласия	устойчивые сочетания
273	No way	Ни за что, ни в коем случае	выражение согласия или несогласия	устойчивые сочетания
274	Exactly so	Именно так	выражение согласия или несогласия	устойчивые сочетания
275	Quite so	Вполне верно	выражение согласия или несогласия	устойчивые сочетания
276	I agree with you	Я с вами согласен	выражение согласия или несогласия	устойчивые сочетания
277	I am afraid you are wrong	Боюсь, что вы не правы	выражение согласия или несогласия	устойчивые сочетания
278	I’m afraid so	Боюсь, что так	выражение согласия или несогласия	устойчивые сочетания
279	I’m not sure	Не уверен	выражение согласия или несогласия	устойчивые сочетания
280	I don’t think so	Я так не думаю; вряд ли	выражение согласия или несогласия	устойчивые сочетания
281	In a way / to a certain extent	В каком-то смысле	выражение согласия или несогласия	устойчивые сочетания
282	No doubt	Несомненно	выражение согласия или несогласия	устойчивые сочетания
283	I’m in / I’m game	Я «за» (в ответ на предложение куда-либо сходить или что-либо сделать)	выражение согласия или несогласия	устойчивые сочетания
284	I think I’ll pass	Лучше без меня	выражение согласия или несогласия	устойчивые сочетания
285	Deal!	Идет!	выражение согласия или несогласия	устойчивые сочетания
286	It’s a great idea!	Отличная идея!	выражение согласия или несогласия	устойчивые сочетания
287	Not a very good idea	Не самая хорошая идея	выражение согласия или несогласия	устойчивые сочетания
288	I’m looking forward to it	Жду этого с нетерпением	выражение согласия или несогласия	устойчивые сочетания
909	Tableware	Посуда	Столовые приборы	
910	Cup	Чашка	Столовые приборы	
911	Fork	Вилка	Столовые приборы	
912	Spoon	Ложка	Столовые приборы	
913	Glass	Стакан	Столовые приборы	
914	Kettle	Чайник	Столовые приборы	
915	Knife	Нож	Столовые приборы	
916	Bowl	Миска	Столовые приборы	
917	Plate	Тарелка	Столовые приборы	
918	Saucepan	Кастрюля	Столовые приборы	
919	Blender	Блендер	Столовые приборы	
920	Microwave (oven)	Микроволновка	Столовые приборы	
921	Plate	Плита	Столовые приборы	
922	Refrigerator / fridge	Холодильник	Столовые приборы	
923	Kitchen table	Кухонный стол	Столовые приборы	
924	Fry	Жарить	Столовые приборы	
925	Boil	Варить	Столовые приборы	
926	Grill	Готовить на гриле	Столовые приборы	
927	Stew	Тушить	Столовые приборы	
928	Portion	Порция	Столовые приборы	
929	Volume	Объем	Столовые приборы	
95	Word		Существительные	
96	Water		Существительные	
97	Place		Существительные	
98	Sentence		Существительные	
99	End		Существительные	
100	Picture		Существительные	
101	Letter		Существительные	
102	World		Существительные	
103	Father		Существительные	
104	Head		Существительные	
105	Group		Существительные	
106	Mile		Существительные	
107	Book		Существительные	
108	Mountain		Существительные	
109	Time		Существительные	
110	Day		Существительные	
111	Year		Существительные	
112	Man		Существительные	
113	Men		Существительные	
114	Air		Существительные	
115	Point		Существительные	
116	Food		Существительные	
117	Tree		Существительные	
118	Story		Существительные	
119	Children		Существительные	
120	Night		Существительные	
121	Idea		Существительные	
122	List		Существительные	
123	Number		Существительные	
124	Part		Существительные	
125	Back		Существительные	
126	Line		Существительные	
127	Land		Существительные	
128	Animal		Существительные	
129	Mother		Существительные	
130	Country		Существительные	
131	City		Существительные	
132	Example		Существительные	
133	Side		Существительные	
134	Sea		Существительные	
135	Face		Существительные	
136	Song		Существительные	
137	Way		Существительные	
138	Sound		Существительные	
139	Thing		Существительные	
140	Boy		Существительные	
141	Home		Существительные	
142	House		Существительные	
143	Answer		Существительные	
144	Plant		Существительные	
145	Earth		Существительные	
146	Life		Существительные	
147	Feet		Существительные	
148	River		Существительные	
149	Indian		Существительные	
150	Family		Существительные	
151	People		Существительные	
152	Work		Существительные	
153	Name		Существительные	
154	Farm		Существительные	
155	Hand		Существительные	
156	Page		Существительные	
157	America		Существительные	
158	School		Существительные	
159	Eye		Существительные	
160	Paper		Существительные	
161	Car		Существительные	
162	State		Существительные	
163	Girl		Существительные	
164	Pen		Существительные	
619	University	Университет	учеба и образование	
620	School	Школа	учеба и образование	
621	College	Колледж	учеба и образование	
622	Lesson	Урок	учеба и образование	
623	Knowledge	Знания	учеба и образование	
624	Education	Образование	учеба и образование	
625	Science	Наука	учеба и образование	
626	Book	Книга	учеба и образование	
627	Copybook	Тетрадь	учеба и образование	
628	Page	Страница	учеба и образование	
629	Pencil	Карандаш	учеба и образование	
630	Pen	Ручка	учеба и образование	
631	Grammar	Грамматика	учеба и образование	
632	Speaking	Разговорный (английский)	учеба и образование	
633	Article	Статья	учеба и образование	
634	Learning	Изучение	учеба и образование	
635	School uniforms	Школьная форма	учеба и образование	
636	Course	Курс	учеба и образование	
637	Word	Слово	учеба и образование	
638	Noun	Существительное	учеба и образование	
639	Verb	Глагол	учеба и образование	
640	Modal verb	Модальный глагол	учеба и образование	
641	Adjective	Прилагательное	учеба и образование	
642	Sentence	Предложение	учеба и образование	
643	Subject	Предмет	учеба и образование	
644	Homework	Домашняя работа	учеба и образование	
645	Table	Таблица	учеба и образование	
646	Practice	Практика	учеба и образование	
647	Foreign language	Иностранный язык	учеба и образование	
648	English	Английский	учеба и образование	
649	Russian	Русский	учеба и образование	
650	Task	Задача	учеба и образование	
651	Rule	Правило	учеба и образование	
652	Theory	Теория	учеба и образование	
653	List	Список	учеба и образование	
654	Dictionary	Словарь	учеба и образование	
655	Vocabulary	Словарный запас	учеба и образование	
656	Content	Содержание	учеба и образование	
657	Paper	Бумага	учеба и образование	
658	Meaning / sense	Значение, смысл	учеба и образование	
659	Bell	Звонок	учеба и образование	
660	Behaviour	Поведение	учеба и образование	
661	Stage	Этап	учеба и образование	
662	Option	Вариант	учеба и образование	
663	Degree	Степень	учеба и образование	
664	Test	Тест	учеба и образование	
665	Exercise	Упражнение	учеба и образование	
666	Exam	Экзамен	учеба и образование	
667	Statement	Утверждение	учеба и образование	
668	Mistake	Ошибка	учеба и образование	
669	Memory	Память	учеба и образование	
670	Part	Часть	учеба и образование	
671	Example	Пример	учеба и образование	
672	Lexicon	Лексикон	учеба и образование	
673	History	История	учеба и образование	
674	Literature	Литература	учеба и образование	
675	Math	Математика	учеба и образование	
676	Music	Музыка	учеба и образование	
677	Note	Нота	учеба и образование	
678	Holidays	Каникулы	учеба и образование	
679	Journal / magazine	Журнал	учеба и образование	
680	Base	База, основа	учеба и образование	
681	Story	Рассказ	учеба и образование	
682	Group	Группа	учеба и образование	
683	Choice	Выбор	учеба и образование	
684	Point	Пункт, точка	учеба и образование	
686	Algebra	Алгебра	учеба и образование	
687	Geometry	Геометрия	учеба и образование	
688	Triginometry	Тригонометрия	учеба и образование	
689	Physics	Физика	учеба и образование	
690	Chemistry	Химия	учеба и образование	
691	Music	Музыка	учеба и образование	
692	Drawing	Рисование	учеба и образование	
693	Technical drawing	Черчение	учеба и образование	
694	Physical education	Физкультура	учеба и образование	
695	Homework	Домашнее задание	учеба и образование	
696	Sum	Пример (математический)	учеба и образование	
697	Question	Вопрос	учеба и образование	
698	Answer	Ответ	учеба и образование	
699	Finals	Выпускные экзамены	учеба и образование	
700	Test	Зачет	учеба и образование	
701	Examine	Экзаменовать	учеба и образование	
702	Examiner	Экзаминатор	учеба и образование	
703	Text	Текст	учеба и образование	
704	Ask	Спрашивать урок	учеба и образование	
705	Correct	Исправлять	учеба и образование	
706	Copy off	Списывать	учеба и образование	
707	Prompt	Подсказать	учеба и образование	
708	Crib	Шпаргалка	учеба и образование	
709	Mark	Оценка	учеба и образование	
710	School mark	Отметка	учеба и образование	
711	Excellent	Отлично	учеба и образование	
712	Good	Хорошо	учеба и образование	
713	Satisfactiry	Удовлетворительно	учеба и образование	
714	Unsatisfactory	Неудовлетворительно	учеба и образование	
715	Graduate	Выпускник	учеба и образование	
716	Expel	Отчислить	учеба и образование	
717	Pupil’s mark book	Дневник	учеба и образование	
718	Register	Журнал	учеба и образование	
719	School-leaving certificate	Аттестат	учеба и образование	
720	Certificate	Свидетельство	учеба и образование	
721	Diploma	Диплом	учеба и образование	
722	Schoolmaster	Педагог	учеба и образование	
723	Associate professor	Доцент	учеба и образование	
724	Schoolboy	Школьник	учеба и образование	
725	Pupil of the first class	Первоклассник	учеба и образование	
726	Senior pupil	Старшеклассник	учеба и образование	
727	Classmate	Одноклассник	учеба и образование	
728	Student of the first year	Первокурсник	учеба и образование	
729	Senior student	Старшекурсник	учеба и образование	
730	Student engaged on degree thesis	Дипломник	учеба и образование	
731	Trainee	Стажер	учеба и образование	
732	Master’s degree	Магистр	учеба и образование	
733	Headmaster	Директор школы	учеба и образование	
734	Dean’s office	Деканат	учеба и образование	
735	Dean	Декан	учеба и образование	
736	Principal	Ректор	учеба и образование	
737	Vice-principal	Проректор	учеба и образование	
738	Audience	Аудитория	учеба и образование	
739	Private office	Кабинет	учеба и образование	
740	Laboratory	Лаборатория	учеба и образование	
290	Body	Тело	человек	части тела
291	Head	Голова	человек	части тела
292	Face	Лицо	человек	части тела
293	Eye	Глаз	человек	части тела
294	Nose	Нос	человек	части тела
295	Shoulder	Плечо	человек	части тела
296	Mouth	Рот	человек	части тела
297	Hand, arm	Рука	человек	части тела
298	Leg	Нога	человек	части тела
299	Foot	Ступня	человек	части тела
300	Heart	Сердце	человек	части тела
301	Hair	Волосы	человек	части тела
302	Skin	Кожа	человек	части тела
303	Blood	Кровь	человек	части тела
304	Thigh	Бедро	человек	части тела
305	Health	Здоровье	человек
306	Vision	Зрение	человек
307	Appearance	Внешность	человек	характеристика человека
308	Height	Рост	человек	характеристика человека
309	Tall	Высокий, длинный	человек	характеристика человека
310	Short	Низкий, короткий	человек	характеристика человека
311	Thin	Худой	человек	характеристика человека
312	Thick, fat	Толстый	человек	характеристика человека
313	Nice	Милый	человек	характеристика человека
314	Beautiful	Красивый	человек	характеристика человека
315	Ugly	Безобразный	человек	характеристика человека
317	Fear	Страх	человек	чувства
318	Shame	Стыд	человек	чувства
319	Sadness	Грусть	человек	чувства
320	Anger	Злость	человек	чувства
321	Care	Забота	человек	чувства
322	Lie	Ложь	человек	чувства
323	Beauty	Красота	человек	чувства
324	Pain	Боль	человек	чувства
325	Kind	Добрый	человек	характеристика человека
326	Active	Активный	человек	характеристика человека
327	Strong	Сильный	человек	характеристика человека
328	Calm	Спокойный	человек	характеристика человека
329	Serious	Серьезный	человек	характеристика человека
330	Clever / smart	Умный	человек	характеристика человека
331	Stupid	Глупый	человек	характеристика человека
332	Poor	Бедный	человек	характеристика человека
333	Rich	Богатый	человек	характеристика человека
334	Interesting	Интересный	человек	характеристика человека
335	Good	Хороший	человек	характеристика человека
336	Happy	Счастливый	человек	характеристика человека
337	Dead	Мертвый	человек	характеристика человека
338	Wise	Мудрый	человек	характеристика человека
